[
{
"checkmark":"STRING",
"account":"STRING",
"boolean":"BOOLEAN",
"contact":"CHAR(18)",
"picklist":"STRING",
"phone":"STRING",
"id":"CHAR",
"date":"DATE",
"RecordType":"STRING",
"url":"STRING",
"user":"CHAR(18)",
"textarea":"STRING",
"multipicklist":"STRING",
"capability__c":"STRING",
"clnt":"STRING",
"integer":"INT",
"int4":"INT",
"cuky":"STRING",
"curr":"STRING",
"fltp":"FLOAT",
"numc":"STRING",
"dats":"STRING",
"tims":"STRING",
"lang":"STRING",
"bigint":"BIGINT",
"bit":"STRING",
"boolean":"BOOLEAN",
"int":"INT",
"float":"FLOAT",
"real":"FLOAT",
"money":"FLOAT",
"smallint":"SMALLINT",
"smallmoney":"FLOAT",
"tinyint":"TINYINT",
"datetime":"STRING",
"datetime2":"TIMESTAMP",
"smalldatetime":"TIMESTAMP",
"date":"STRING",
"time":"STRING",
"datetimeoffset":"TIMESTAMP",
"timestamp":"TIMESTAMP",
"string":"STRING",
"char":"CHAR(20)",
"varchar":"STRING",
"text":"STRING",
"nchar":"STRING",
"nvarchar":"STRING",
"ntext":"STRING",
"binary":"BINARY",
"varbinary":"BINARY",
"image":"BINARY",
"uniqueidentifier":"STRING",
"geography":"STRING",
"xml":"STRING",
"hierarchyid":"STRING"
}
]
