{
   "action":"create_materials",
   "input":{
      "snapshots":[
         "9999-12-31"
      ],
      "bucketARN":"jbl-dev-use1-s3-incontrol-003",
      "sources":{
         "materials":"",
         "demand":"data/scm/mrp",
         "aging":"data/scm/agedinventory",
         "whereusedbom":"data/incontrol/whereusedbom"
      },
      "history":{
         "materials":"data/dimensions/materials/YYYY=2019/MM=07/DD=05",
         "shipment":"data/incontrol/shipment/YYYY=2019/MM=07/DD=05",
         "inactivebom":"data/incontrol/inactivebom/YYYY=2019/MM=07/DD=05"

      }
   }
}
