{  
    "action":"create_materials",
    "input":{  
       "snapshots":[  
          "9999-12-31"
       ],
       "bucketARN":"jbl-dev-use1-s3-incontrol-003",
       "sources":{  
          "geohierarchy":"data/dimensions/plantgeo",
          "profitcenter":"data/dimensions/profitcenters",
          "materials":"data/dimensions/materials",
          "demand":"data/scm/mrp",
          "aging":"data/scm/agedinventory",
          "whereusedbom":"data/incontrol/whereusedbom",
          "commodity":"data/dimensions/commodity",
          "shipment":"data/incontrol/shipment",
          "inactivebom":"data/incontrol/inactivebom",
          "quota_arrangement":"data/dimensions/quota_arrangement",
          "purchasing_source_list":"data/dimensions/purchasing_source_list",
          "purchasing_item":"data/scm/purchaseitems"
       }
    }
 }